Year,CAN,BC,AB,ON,QC,AVG
pe,0.701996245,0.850116369,0.785714286,0.660895789,0.186878728,0.620901293
low,,0.739649294,,,,
high,,0.868,,,,
sd,,0.032742527,,,,
