,p_frailty_BUP_2,p_frailty_MET_2,p_frailty_REL_2,p_frailty_ABS_2,p_frailty_BUP_3,p_frailty_MET_3,p_frailty_REL_3,p_frailty_ABS_3,p_frailty_BUP_INJ,p_frailty_MET_INJ,p_frailty_REL_INJ,p_frailty_ABS_INJ,p_frailty_BUPC,p_frailty_METC
pe_episode_frailty,1,1,1,1,1,1,1,1,1.189666403,0.94993346,0.784866015,1.938664954,1.678444466,1.259509547
pe_concurrent_frailty,1.026753148,1.009717811,1.107235993,1.146518047,1.127577864,1.124626871,1.271417435,1.569499595,1.189666403,0.94993346,0.784866015,1.938664954,1,1
pe_inj_frailty,1.026753148,1.009717811,1.107235993,1.146518047,1.127577864,1.124626871,1.271417435,1.569499595,1,1,1,1,1.678444466,1.259509547
