,BUP_2,MET_2,REL_2,ABS_2,BUP_3,MET_3,REL_3,ABS_3,BUP_INJ,MET_INJ,REL_INJ,ABS_INJ,BUPC,METC
pe_episode_frailty,1,1,1,1,1,1,1,1,1.189666403,0.94993346,0.784866015,1.938664954,1.678444466,1.259509547
pe_concurrent_frailty,1.081798995,1.080666648,1.12722637,1.077604173,1.302837244,1.499601543,1.415949245,1.264946421,1.189666403,0.94993346,0.784866015,1.938664954,1,1
pe_inj_frailty,1.081798995,1.080666648,1.12722637,1.077604173,1.302837244,1.499601543,1.415949245,1.264946421,1,1,1,1,1.678444466,1.259509547
