,p_frailty_BUP_2,p_frailty_MET_2,p_frailty_REL_2,p_frailty_ABS_2,p_frailty_BUP_3,p_frailty_MET_3,p_frailty_REL_3,p_frailty_ABS_3,p_frailty_BUP_INJ,p_frailty_MET_INJ,p_frailty_REL_INJ,p_frailty_ABS_INJ,p_frailty_BUPC,p_frailty_METC
pe_episode_frailty,1,1,1,1,1,1,1,1,1.189666403,0.94993346,0.784866015,1.938664954,1.678444466,1.259509547
pe_concurrent_frailty,1.081798995,1.080666648,1.12722637,1.077604173,1.302837244,1.499601543,1.415949245,1.264946421,1.189666403,0.94993346,0.784866015,1.938664954,1,1
pe_inj_frailty,1.081798995,1.080666648,1.12722637,1.077604173,1.302837244,1.499601543,1.415949245,1.264946421,1,1,1,1,1.678444466,1.259509547
pe_kurz_frailty,1.15,1.15,1.12722637,1.077604173,1.26,1.26,1.415949245,1.264946421,1.189666403,0.94993346,0.784866015,1.938664954,1.678444466,1.259509547
