"Parameter","Mean","2.5%","50%","97.5%","MAP"
"'Overdose rate (treatment)'",0.00101250514897868,0.000673822315503643,0.00100969974559481,0.00137098700331594,0.000920206818991962
"'Overdose rate (treatment + opioid)'",0.00504237863652743,0.0040492598984108,0.00503729164329536,0.00610581487849548,0.00493491593046747
"'Overdose rate (active opioid)'",0.00906084684264036,0.00730073871632837,0.0090540348333258,0.0107797085882897,0.00900208733942051
"'Overdose rate (inactive opioid)'",0.000351977710869429,1.90100000097485e-05,0.000355348687134579,0.000667834402206922,0.000394600520191153
"'First month mult (treatment + opioid)'",4.53092602677076,0.795437396277055,4.06274639555422,10.4994531141241,3.19894714850743
"'Fentanyl mult'",6.51425199058735,4.73546642121857,6.41207988149739,8.65525495498052,7.13401761222585
"'Fatal overdose rate'",0.0728368813161295,0.0574155877919979,0.0721789444793339,0.0904810818484364,0.0703600083083174
