"variable","mean","sd","q50","q025","q975","min","max"
"n_icer_HEALTH_SECTOR_10yr",45282.3521358754,1711234.16340402,69171.7224955876,-310939.356296439,569928.429884196,-84560880.6820948,19337025.069731
"n_icer_HEALTH_SECTOR_6mo",-225734.152054732,5755363.26029425,-113540.310019468,-2881325.04814423,2162087.88752237,-310543114.260062,44142162.5965852
"n_icer_HEALTH_SECTOR_life",182875.349325577,9934780.86288195,34346.3675991015,13015.0852901908,142176.908997176,-5165046.54995588,702368037.031236
"n_icer_TOTAL_10yr",-59547.3598173214,4747658.07517773,-36581.7470281154,-1253382.9548473,1250262.93822491,-281343826.033076,53049913.347412
"n_icer_TOTAL_6mo",11732.5047194659,24331412.375492,-18319.7398143579,-7577804.29154965,7079707.2136357,-364926962.766667,1534080915.45507
"n_icer_TOTAL_life",166906.371822149,10274534.9502639,160.649481671138,-266747.673786384,454747.449160354,-41716955.4280214,724505441.851655
