"","n_TOTAL_costs_6mo","n_TOTAL_costs_1yr","n_TOTAL_costs_5yr","n_TOTAL_costs_10yr","n_TOTAL_costs_life","n_HEALTH_SECTOR_costs_6mo","n_HEALTH_SECTOR_costs_1yr","n_HEALTH_SECTOR_costs_5yr","n_HEALTH_SECTOR_costs_10yr","n_HEALTH_SECTOR_costs_life","n_CRIMINAL_costs_6mo","n_CRIMINAL_costs_1yr","n_CRIMINAL_costs_5yr","n_CRIMINAL_costs_10yr","n_CRIMINAL_costs_life","n_TX_costs_6mo","n_TX_costs_1yr","n_TX_costs_5yr","n_TX_costs_10yr","n_TX_costs_life","n_HRU_costs_6mo","n_HRU_costs_1yr","n_HRU_costs_5yr","n_HRU_costs_10yr","n_HRU_costs_life","n_TOTAL_qalys_6mo","n_TOTAL_qalys_1yr","n_TOTAL_qalys_5yr","n_TOTAL_qalys_10yr","n_TOTAL_qalys_life"
"Early take-home BNX",22894.4956727761,39897.9700934638,NA,NA,39897.9700934638,2419.26349045309,3814.27368754278,NA,NA,3814.27368754278,20475.232182323,36083.696405921,NA,NA,36083.696405921,946.288110455632,1265.43741911169,NA,NA,1265.43741911169,1469.67367518662,2542.97562240432,NA,NA,2542.97562240432,0.28211300186413,0.435023517578002,NA,NA,0.435023517578002
"Methadone",23605.0078045979,46380.3010631896,NA,NA,46380.3010631896,3648.04866677595,6298.89156367129,NA,NA,6298.89156367129,19956.959137822,40081.4094995183,NA,NA,40081.4094995183,2376.84697908491,3979.59431231928,NA,NA,3979.59431231928,1267.88667409123,2313.3049573587,NA,NA,2313.3049573587,0.320320808228799,0.555123454601928,NA,NA,0.555123454601928
