"","n_TOTAL_costs_6mo","n_TOTAL_costs_1yr","n_TOTAL_costs_5yr","n_TOTAL_costs_10yr","n_TOTAL_costs_life","n_HEALTH_SECTOR_costs_6mo","n_HEALTH_SECTOR_costs_1yr","n_HEALTH_SECTOR_costs_5yr","n_HEALTH_SECTOR_costs_10yr","n_HEALTH_SECTOR_costs_life","n_CRIMINAL_costs_6mo","n_CRIMINAL_costs_1yr","n_CRIMINAL_costs_5yr","n_CRIMINAL_costs_10yr","n_CRIMINAL_costs_life","n_TX_costs_6mo","n_TX_costs_1yr","n_TX_costs_5yr","n_TX_costs_10yr","n_TX_costs_life","n_HRU_costs_6mo","n_HRU_costs_1yr","n_HRU_costs_5yr","n_HRU_costs_10yr","n_HRU_costs_life","n_TOTAL_qalys_6mo","n_TOTAL_qalys_1yr","n_TOTAL_qalys_5yr","n_TOTAL_qalys_10yr","n_TOTAL_qalys_life"
"Early take-home BNX",24667.6504041961,55656.8534342656,280422.160591275,498460.252122461,1011168.18561305,3185.78105881101,6594.65400964089,33456.1059538166,61697.0611679436,146895.33403374,21481.8693453851,49062.1994246248,246966.054637458,436763.190954518,864272.851579312,1618.29419927752,3248.98229738951,17229.3179245046,31823.1558905672,65216.6517724793,1564.0344896672,3338.69347638084,16189.9715732842,29799.7489969401,81447.6791528941,0.345072396918195,0.676067523555777,2.99287991451515,5.23408009393294,10.2899167871576
"Methadone",21815.6949001398,48619.6727788075,261275.861742424,479148.801248604,997143.55499455,4216.76086869681,8181.27382225756,36222.4373231534,64782.5817488203,150177.516903608,17598.934031443,40438.39895655,225053.424419271,414366.219499783,846966.038090942,2880.86856769419,5318.58837972736,21167.2255437223,36209.4079799862,70122.3128902865,1332.44742417018,2855.73981862831,15018.8140297524,28499.7572975948,79825.57986188,0.342733760093807,0.67446652507124,3.01718351281362,5.290728593084,10.4135595959915
