"","n_TOTAL_costs_6mo","n_TOTAL_costs_1yr","n_TOTAL_costs_5yr","n_TOTAL_costs_10yr","n_TOTAL_costs_life","n_HEALTH_SECTOR_costs_6mo","n_HEALTH_SECTOR_costs_1yr","n_HEALTH_SECTOR_costs_5yr","n_HEALTH_SECTOR_costs_10yr","n_HEALTH_SECTOR_costs_life","n_CRIMINAL_costs_6mo","n_CRIMINAL_costs_1yr","n_CRIMINAL_costs_5yr","n_CRIMINAL_costs_10yr","n_CRIMINAL_costs_life","n_TX_costs_6mo","n_TX_costs_1yr","n_TX_costs_5yr","n_TX_costs_10yr","n_TX_costs_life","n_HRU_costs_6mo","n_HRU_costs_1yr","n_HRU_costs_5yr","n_HRU_costs_10yr","n_HRU_costs_life","n_TOTAL_qalys_6mo","n_TOTAL_qalys_1yr","n_TOTAL_qalys_5yr","n_TOTAL_qalys_10yr","n_TOTAL_qalys_life"
"Early take-home BNX",22915.6584801854,40058.1775102647,NA,NA,40058.1775102647,2397.27430525188,3782.10218759465,NA,NA,3782.10218759465,20518.3841749335,36276.07532267,NA,NA,36276.07532267,946.905835862449,1265.47910015078,NA,NA,1265.47910015078,1447.0707538303,2510.79816619323,NA,NA,2510.79816619323,0.28253943411178,0.436342993632079,NA,NA,0.436342993632079
"Methadone",20472.8707914052,36795.3410180952,NA,NA,36795.3410180952,3355.80484473637,5437.36498742622,NA,NA,5437.36498742622,17117.0659466689,31357.9760306689,NA,NA,31357.9760306689,2192.33788173888,3416.0264364352,NA,NA,3416.0264364352,1160.32469366205,2015.92570583496,NA,NA,2015.92570583496,0.301410322679077,0.496986814742615,NA,NA,0.496986814742615
