,BUP,BUPC,MET,METC,REL,ABS
pe,3557,798,190,2627,2480,548
sd,2920.484694,339.2602041,134.2857143,659.4897959,773.3163265,565.5612245
shape,1.483398589,5.532735959,2.001923947,15.86733479,10.28463784,0.938862223
scale,2397.87204,144.2324387,94.90870032,165.5602554,241.1363471,583.6852165
