"Parameter","Mean","2.5%","50%","97.5%","MAP"
"n_TX_OD",0.000898447098418893,0.000633982793402856,0.000892568216967018,0.00124102291684862,0.000991051877032601
"n_TXC_OD",0.00463206803515049,0.0038670279224679,0.00467624080149498,0.00541194725753808,0.00471226312958232
"n_REL_OD",0.00843293394859831,0.00743182845971566,0.00838797854800132,0.00984643833594897,0.00872487820752806
"n_TX_OD_mult",1.77502340936348,0.565613007264843,1.3852456429883,4.97746807467703,1.60663700884848
"n_TXC_OD_mult",1.87297834334198,0.358258770879482,1.75633486945059,4.04555134182146,1.68244620036934
"n_REL_OD_mult",6.98673263169824,3.19499326188778,6.71220856873574,12.2710105976148,7.55401558888571
"n_INJ_OD_mult",1.96092545634275,0.483201757567385,1.87254970931237,4.83102543630098,1.30203683019442
"n_fatal_OD",0.09931871473794,0.0591410358175525,0.0993689784566081,0.147076096343201,0.107882478101579
