"Parameter","Mean","2.5%","50%","97.5%","MAP"
"'Overdose rate (treatment)'",0.00100878296953303,0.000684808217520117,0.00100002068400213,0.00136178212887364,0.000932356764593508
"'Overdose rate (treatment + opioid)'",0.0050478134870546,0.00405904549362603,0.00501884262445369,0.00619248651715954,0.00507330813736516
"'Overdose rate (active opioid)'",0.00893676610278508,0.00728073916182423,0.00889007676453594,0.0108153146617231,0.00922912535100681
"'Overdose rate (inactive opioid)'",0.000346163566414415,1.87969440106595e-05,0.000343947683466101,0.000672032951876009,0.000408322949337779
"'First month mult (treatment + opioid)'",5.11710535242185,0.989159740470184,4.61656128583142,11.6447148245092,3.60243437004907
"'Fentanyl mult'",6.93134164442984,5.27586501679729,6.87718436052268,8.75829903078026,7.00508531837778
"'Fatal overdose rate'",0.073313026799693,0.0583303201796959,0.0730262482522148,0.0903206164274364,0.0718409354312734
