"Parameter","Mean","2.5%","50%","97.5%","MAP"
"'Overdose rate (treatment)'",0.00103074903388664,0.000705725873516923,0.00102271953826416,0.00142515215719161,0.00103259485363155
"'Overdose rate (treatment + opioid)'",0.00503901581886064,0.00403649988444199,0.00502050119461632,0.00615974292882172,0.00483495130277133
"'Overdose rate (active opioid)'",0.00895299286032125,0.00728296429194141,0.00890745859487219,0.010926505212614,0.0087225373733078
"'Overdose rate (inactive opioid)'",0.000337305840240351,1.71997586754157e-05,0.000334546512713869,0.00066474631071354,0.000617267412560614
"'First month mult (treatment + opioid)'",2.90132331270768,0.675751985617849,2.65272363654536,6.50187069744651,1.99110701297047
"'Fentanyl mult'",7.39306759783416,5.79319208304027,7.36543974135341,9.2088795830642,7.76318648378692
"'Fatal overdose rate'",0.072421659121581,0.0582776757220635,0.0720748238043501,0.0897424772001836,0.0740947609711558
