"Parameter","Mean","2.5%","50%","97.5%","MAP"
"'Overdose rate (treatment)'",0.00102101788628442,0.000700014820267917,0.00101333043549419,0.00136845255335093,0.00101701407520087
"'Overdose rate (treatment + opioid)'",0.00500866620023961,0.00405698497526721,0.00498669273951195,0.00607845483170022,0.0050839018962379
"'Overdose rate (active opioid)'",0.00899656507214982,0.00737127576913197,0.00899884099767724,0.010930686238188,0.00921165263641784
"'Overdose rate (inactive opioid)'",0.00035082334943075,2.77477094109252e-05,0.000360557923011147,0.000673448462526354,9.90237869974576e-05
"'First month mult (treatment + opioid)'",4.39525910010777,0.814699841554761,3.92330654885999,10.3025510011642,4.81217272679387
"'Fentanyl mult'",6.66666123405229,4.82652736111699,6.61478382164298,8.86563977017105,6.23948806077479
"'Fatal overdose rate'",0.0819109870598892,0.0658593259348739,0.081593590468029,0.1012077988489,0.0821104083744472
