"Parameter","Mean","2.5%","50%","97.5%","MAP"
"'Overdose rate (treatment)'",0.000937518855857036,0.0006719450050976,0.000927998461643298,0.00127134065632406,0.000878399784796527
"'Overdose rate (treatment + opioid)'",0.00474461717267572,0.00399818311388584,0.00474333471696159,0.0056454972124762,0.00465654280182873
"'Overdose rate (active opioid)'",0.00844874127126851,0.00727249315086981,0.00844207807012004,0.00972944219482923,0.00820841905004015
"'Overdose rate (inactive opioid)'",0.00035498021904225,2.99521256042881e-05,0.000358081796472784,0.00066332026730738,0.000576531339104237
"'First month mult (treatment + opioid)'",5.10928968162477,1.04628617535835,4.64485362598408,11.7428653686942,3.89141587543028
"'Fentanyl mult'",13.6835458986203,10.5421256031926,13.6178823570136,17.1901558105898,14.7374598020089
"'Fatal overdose rate'",0.0840307191809796,0.066357317769137,0.0835610488573281,0.104974023815112,0.0832030848512846
