"Parameter","Mean","2.5%","50%","97.5%","MAP"
"n_BUP_OD_NI",0.00840243037001886,0.00468871170076076,0.00769221869876375,0.0129094619798055,0.011506678958477
"n_MET_OD_NI",0.00829152812424686,0.00494843920507701,0.00847942342732334,0.0131577499878192,0.00537208462066633
"n_REL_OD_NI",0.00796910402159744,0.00477387641310668,0.00788855275342074,0.0127518622269666,0.00557346457782874
"n_ABS_OD_NI",0.00876355037362111,0.00472366896366701,0.00859800073587801,0.0130673776163603,0.00494557448051558
"n_BUP_OD_INJ",0.00842891784196825,0.00517102611707585,0.00842885737644327,0.0132585092526752,0.00510323828682919
"n_MET_OD_INJ",0.00864110867988329,0.00471380255464447,0.00834507372267389,0.0130568399806274,0.00529932290782434
"n_REL_OD_INJ",0.00901971261381518,0.00500518845296733,0.00858766383993672,0.0132399874094847,0.00892141229408384
"n_ABS_OD_INJ",0.0093165586974998,0.00485976462406635,0.00976731879971063,0.0128205321108814,0.0112072133760095
