Target,Time,Num,Pop,pe,se,low,high
Fatal Overdose,12,922.4954856,40000,0.023062387,0.002941631,0.01729679,0.028827984
Fatal Overdose,24,586.2310021,40000,0.014655775,0.001869359,0.010991831,0.018319719
Fatal Overdose,36,1025.457885,40000,0.025636447,0.003269955,0.019227335,0.032045559
