Target,Time,Num,Pop,pe,se,low,high,weight
Overdose,12,29301.25,83760,0.349823902,0.035696316,0.279859121,0.419788682,1
Overdose,24,29577.5,83760,0.353122015,0.036032859,0.282497612,0.423746418,1
Overdose,36,30207.5,83760,0.360643505,0.036800358,0.288514804,0.432772206,1
Overdose,48,33835,83760,0.403951767,0.041219568,0.323161414,0.48474212,1
