Target,Time,Num,Pop,pe,se,low,high
Fatal Overdose,12,922.4954856,40000,0.023062387,0.000102041,0.022862387,0.023262387
Fatal Overdose,24,1508.726488,40000,0.037718162,0.000102041,0.037518162,0.037918162
Fatal Overdose,36,2534.184373,40000,0.063354609,0.000102041,0.063154609,0.063554609
