Target,Time,Num,Pop,pe,se,low,high,weight
Fatal Overdose,12,1495,83760,0.017848615,0.000910644,0.016063754,0.019633477,1
Fatal Overdose,24,1562,83760,0.01864852,0.000951455,0.016783668,0.020513372,1
Fatal Overdose,36,987,83760,0.011783668,0.000601208,0.010605301,0.012962034,0.25
Fatal Overdose,48,1774,83760,0.021179561,0.00108059,0.019061605,0.023297517,1
