Target,Time,Num,Pop,pe,se,low,high,weight
Overdose,12,23441,83760,0.279859121,0.028557053,0.223887297,0.335830946,1
Overdose,24,23662,83760,0.282497612,0.028826287,0.22599809,0.338997135,1
Overdose,36,24166,83760,0.288514804,0.029440286,0.230811843,0.346217765,1
Overdose,48,27068,83760,0.323161414,0.032975654,0.258529131,0.387793696,1
