Target,Time,Num,Pop,pe,se,low,high,weight
Overdose,12,7954.291719,26919.25149,0.295487106,0.037689682,0.22161533,0.369358883,1
Overdose,24,8026.305883,26919.25149,0.298162298,0.038030905,0.223621723,0.372702872,1
Overdose,36,10212.3226,26919.25149,0.379368743,0.04838887,0.284526557,0.474210929,1
