Target,Time,Num,Pop,pe,se,low,high
Overdose,12,7954.291719,40000,0.198857293,0.050728901,0.099428646,0.298285939
Overdose,24,15980.5976,40000,0.39951494,0.101917077,0.19975747,0.59927241
Overdose,36,26192.92021,40000,0.654823005,0.167046685,0.327411503,0.982234508
