Target,Time,Num,Pop,pe,se,low,high,weight
Fatal Overdose,12,498.1475622,26919.25149,0.018505253,0.002360364,0.01387894,0.023131566,1
Fatal Overdose,24,316.5647412,26919.25149,0.01175979,0.001499973,0.008819842,0.014699737,0.5
Fatal Overdose,36,553.7472579,26919.25149,0.020570678,0.002623811,0.015428009,0.025713348,1
