Target,Time,Num,Pop,pe,se,low,high,weight
Overdose,12,7954.291719,14829.04946,0.536399298,0.068418278,0.402299473,0.670499122,1
Overdose,24,8026.305883,14829.04946,0.541255588,0.069037703,0.405941691,0.676569485,1
Overdose,36,10212.3226,14829.04946,0.688670075,0.087840571,0.516502556,0.860837594,1
