Target,Time,Num,Pop,pe,se,low,high
Fatal Overdose,12,1550,100000,0.0155,0.001,0.0153,0.0157
Fatal Overdose,24,2535,100000,0.02535,0.001,0.02515,0.02555
Fatal Overdose,36,4258,100000,0.04258,0.001,0.04238,0.04278
