Target,Time,Num,Pop,pe,se,low,high
Overdose,12,7954.291719,40000,0.198857293,0.000102041,0.198657293,0.199057293
Overdose,24,15980.5976,40000,0.39951494,0.000102041,0.39931494,0.39971494
Overdose,36,26192.92021,40000,0.654823005,0.000102041,0.654623005,0.655023005
