Target,Time,Num,Pop,pe,se,low,high,weight
Overdose,12,24750,83760,0.295487106,0.037689682,0.22161533,0.369358883,1
Overdose,24,24974.07407,83760,0.298162298,0.038030905,0.223621723,0.372702872,1
Overdose,36,31775.92593,83760,0.379368743,0.04838887,0.284526557,0.474210929,1
