Target,Time,Num,Pop,pe,se,low,high
Overdose,12,13365,100000,0.13365,0.01,0.13345,0.13385
Overdose,24,26851,100000,0.26851,0.01,0.26831,0.26871
Overdose,36,44010,100000,0.4401,0.01,0.4399,0.4403
