Target,Time,Num,Pop,pe,se,low,high,weight
Fatal Overdose,12,498.1475622,14829.04946,0.033592683,0.004284781,0.025194512,0.041990854,1
Fatal Overdose,24,316.5647412,14829.04946,0.021347608,0.002722909,0.016010706,0.026684511,0.5
Fatal Overdose,36,553.7472579,14829.04946,0.03734206,0.004763018,0.028006545,0.046677575,1
