Target,Time,Num,Pop,pe,se,low,high,weight
Overdose,12,7954.291719,40000,0.198857293,0.025364451,0.14914297,0.248571616,1
Overdose,24,8026.305883,40000,0.200657647,0.025594088,0.150493235,0.250822059,1
Overdose,36,10212.3226,40000,0.255308065,0.032564804,0.191481049,0.319135081,1
