Target,Time,Num,Pop,pe,se,low,high
Fatal Overdose,12,922.4954856,40000,0.023062387,0.002941631,0.01729679,0.028827984
Fatal Overdose,24,1508.726488,40000,0.037718162,0.00481099,0.028288622,0.047147703
Fatal Overdose,36,2534.184373,40000,0.063354609,0.008080945,0.047515957,0.079193262
