,BUP_TX,MET_TX,OD_TX,BUP_NI_HRU,BUPC_NI_HRU,MET_NI_HRU,METC_NI_HRU,REL_NI_HRU,OD_NI_HRU,ABS_NI_HRU,BUP_INJ_HRU,BUPC_INJ_HRU,MET_INJ_HRU,METC_INJ_HRU,REL_INJ_HRU,OD_INJ_HRU,ABS_INJ_HRU,HIV_HRU,HIV_ART,HCV_HRU,HCV_DAA,OD_NX,OD_AMB
pe,322.818,579.2475,0,126.6,118.8,94,117.9,129.5,129.5,72.7,126.6,118.8,94,117.9,129.5,129.5,72.7,558.6666667,1576,891.6190324,0,125,518.25
sd,10,20,0,181.4,210.6,162.9,234.7,314.6,314.6,119.2,181.4,210.6,162.9,234.7,314.6,314.6,119.2,100,100,150,1000,5,50
shape,1042.114611,838.8191656,0,0.487071643,0.318211703,0.332976465,0.252348909,0.169442402,0.169442402,0.371977191,0.487071643,0.318211703,0.332976465,0.252348909,0.169442402,0.169442402,0.371977191,31.21084445,248.3776,35.3326444,400,625,107.433225
scale,0.30977207,0.690551103,0,259.9206951,373.3363636,282.302234,467.2102629,764.2715058,764.2715058,195.4420908,259.9206951,373.3363636,282.302234,467.2102629,764.2715058,764.2715058,195.4420908,17.89976134,6.345177665,25.23499295,50,0.2,4.823926676
