,BUP,BUPC,MET,METC,REL,ABS
pe,769,769,1457,1457,4486,955
sd,322.9591837,322.9591837,449.5408163,449.5408163,1864.158163,932.3469388
shape,5.669665046,5.669665046,10.50463203,10.50463203,5.790992793,1.049183966
scale,135.6341148,135.6341148,138.7007176,138.7007176,774.6512835,910.2312191
