,TX,REL,ABS,HIV,HCV,COI
pe,4.6,9.7,1,1.47,1.8,1.8
sd,0.102040816,0.12755102,0,0.0375,0.06377551,0.06377551
