,TX,REL,ABS,HIV,HCV,COI
pe,3.687954133,6.189694142,1,1.47,1.8,1.8
sd,0.081809098,0.081391939,0,0.0375,0.06377551,0.06377551
