,BUP_2,MET_2,REL_2,ABS_2,BUP_3,MET_3,REL_3,ABS_3,BUP_INJ,MET_INJ,REL_INJ,ABS_INJ,BUPC,METC
pe,1.026753148,1.009717811,1.107235993,1.146518047,1.127577864,1.124626871,1.271417435,1.569499595,1.189666403,0.94993346,0.784866015,1.938664954,1.678444466,1.259509547
sd,0.013987741,0.010879766,0.010005721,0.058510392,0.012451178,0.009459009,0.008501818,0.056610585,0.291147217,0.239461077,0.246998274,0.348185573,0.268661115,0.301957891
