,HCV_NI,HCV_TX_INJ,HCV_TXC_INJ,HCV_REL_INJ,COI_HCV_NI,COI_HCV_TX_INJ,COI_HCV_TXC_INJ,COI_HCV_REL_INJ
pe,0.000018,0.000234,0.000234,0.00309,0.000018,0.000234,0.000234,0.00309
sd,0.0000135,0.0001755,0.0001755,0.0023175,0.0000135,0.0001755,0.0001755,0.0023175
