,HCV_BUP_NI,HCV_BUPC_NI,HCV_MET_NI,HCV_METC_NI,HCV_REL_NI,HCV_ABS_NI,HCV_BUP_INJ,HCV_BUPC_INJ,HCV_MET_INJ,HCV_METC_INJ,HCV_REL_INJ,HCV_ABS_INJ,COI_BUP_NI,COI_BUPC_NI,COI_MET_NI,COI_METC_NI,COI_REL_NI,COI_ABS_NI,COI_BUP_INJ,COI_BUPC_INJ,COI_MET_INJ,COI_METC_INJ,COI_REL_INJ,COI_ABS_INJ
pe,0.00007,0.00007,0.00007,0.00007,0.000926,0.000018,0.000234,0.000234,0.000234,0.000234,0.00309,0.000058,0.00007,0.00007,0.00007,0.00007,0.000926,0.000018,0.000234,0.000234,0.000234,0.000234,0.00309,0.000058
low,0.0000525,0.0000525,0.0000525,0.0000525,0.0006945,0.0000135,0.0001755,0.0001755,0.0001755,0.0001755,0.0023175,0.0000435,0.0000525,0.0000525,0.0000525,0.0000525,0.0006945,0.0000135,0.0001755,0.0001755,0.0001755,0.0001755,0.0023175,0.0000435
high,0.0000875,0.0000875,0.0000875,0.0000875,0.0011575,0.0000225,0.0002925,0.0002925,0.0002925,0.0002925,0.0038625,0.0000725,0.0000875,0.0000875,0.0000875,0.0000875,0.0011575,0.0000225,0.0002925,0.0002925,0.0002925,0.0002925,0.0038625,0.0000725
