,HIV_NI,HIV_TX_INJ,HIV_TXC_INJ,HIV_REL_INJ,COI_HIV_NI,COI_HIV_TX_INJ,COI_HIV_TXC_INJ,COI_HIV_REL_INJ
pe,0.000018,0.000234,0.000234,0.00309,0.000018,0.000234,0.000234,0.00309
sd,0.0000135,0.0001755,0.0001755,0.0023175,0.0000135,0.0001755,0.0001755,0.0023175
