,HIV_BUP_NI,HIV_BUPC_NI,HIV_MET_NI,HIV_METC_NI,HIV_REL_NI,HIV_ABS_NI,HIV_BUP_INJ,HIV_BUPC_INJ,HIV_MET_INJ,HIV_METC_INJ,HIV_REL_INJ,HIV_ABS_INJ,COI_BUP_NI,COI_BUPC_NI,COI_MET_NI,COI_METC_NI,COI_REL_NI,COI_ABS_NI,COI_BUP_INJ,COI_BUPC_INJ,COI_MET_INJ,COI_METC_INJ,COI_REL_INJ,COI_ABS_INJ
pe,0.00007,0.00007,0.00007,0.00007,0.000926,0.000018,0.000234,0.000234,0.000234,0.000234,0.00309,0.000058,0.00007,0.00007,0.00007,0.00007,0.000926,0.000018,0.000234,0.000234,0.000234,0.000234,0.00309,0.000058
low,0.0000525,0.0000525,0.0000525,0.0000525,0.0006945,0.0000135,0.0001755,0.0001755,0.0001755,0.0001755,0.0023175,0.0000435,0.0000525,0.0000525,0.0000525,0.0000525,0.0006945,0.0000135,0.0001755,0.0001755,0.0001755,0.0001755,0.0023175,0.0000435
high,0.0000875,0.0000875,0.0000875,0.0000875,0.0011575,0.0000225,0.0002925,0.0002925,0.0002925,0.0002925,0.0038625,0.0000725,0.0000875,0.0000875,0.0000875,0.0000875,0.0011575,0.0000225,0.0002925,0.0002925,0.0002925,0.0002925,0.0038625,0.0000725
