Year,pe
2017,0.37
2018,0.520320152
2019,0.574617111
2020,0.720629904
pe,0.720629904
low,0.408973834
high,0.899711291
sd,0.125188127
