Year,pe
2017,0.37
2018,0.482885989
2019,0.520730316
2020,0.618459302
pe,0.618459302
low,0.608817138
high,0.628450106
sd,0.00500841
