Year,pe
2017,0.37
2018,0.482885989
2019,0.520730316
2020,0.618459302
pe,0.618459302
low,0.556613372
high,0.680305233
sd,0.031554046
shape1,145.9542151
shape2,90.04225962
