,fent_exp_prob,ni_fent_reduction,fent_OD_rate,NX_prob,witness_prob,attended_prob,NX_success_prob,TX_OD,TXC_OD,ABS_OD,REL_OD,fatal_OD,TX_OD_mult,TXC_OD_mult,REL_OD_mult,ABS_OD_mult,INJ_OD_mult
pe,0.62,0.25,0.6,0.5,0.75,0.8,0.75,0.000930088,0.004685044,0,0.00844,0.102378397,5,10,15,1,2.9
low,0.4,0.15,0.4,0.375,0.5625,0.78,0.5625,0.000681066,0.003955533,0,0.00723,0.051189198,1,1,5,1,1.22
high,0.9,0.35,1,0.625,0.9375,0.82,0.9375,0.00125696,0.00553848,0.000681066,0.00982,0.153567595,10,20,25,1,6.87
shape,,,,,,,,40.08068255,134.6067175,0,163.176457,15.3664,2.493704993,0,2.508042342,0,4.048286444
scale,,,,,,,,2.32054E-05,3.48054E-05,0,5.17231E-05,0.006662484,1.363433128,0,1.6108181,0,0.716352472
