,fatal_OD_prob,fent_exp_prob,fent_OD_prob,NX_prob,witness_prob,NX_success_prob,BUP_OD_NI,MET_OD_NI,ABS_OD_NI,REL_OD_NI,BUP_OD_INJ,MET_OD_INJ,ABS_OD_INJ,REL_OD_INJ,BUP_OD_mult,MET_OD_mult,REL_OD_mult
pe,0.002,0.4,0.2,0.5,0.75,0.75,0.009088448,0.009088448,0.009088448,0.009088448,0.009088448,0.009088448,0.009088448,0.009088448,1.1,1.1,1.2
low,0.0015,0.3,0.15,0.375,0.5625,0.5625,0.006816336,0.006816336,0.006816336,0.006816336,0.006816336,0.006816336,0.006816336,0.006816336,,,
high,0.0025,0.5,0.25,0.625,0.9375,0.9375,0.01136056,0.01136056,0.01136056,0.01136056,0.01136056,0.01136056,0.01136056,0.01136056,,,
