,ni_fent_reduction,fent_OD_rate,NX_prob,witness_prob,attended_prob,NX_success_prob,TX_OD,TXC_OD,ABS_OD,REL_OD,fatal_OD,BUP_OD_mult,MET_OD_mult,TXC_OD_mult,REL_OD_mult,ABS_OD_mult,INJ_OD_mult,fent_OD_mult,witness_covid_adj
pe,0.271806463,0.6,0.37,0.63,0.8,0.85,0.0009367,0.0042336,0.00033912,0.0085,0.102378397,1,2.01,2.35,4.04,1,1,9.507119387,0.8
low,0.040136473,0.4,0.18,0.32,0.78,0.73,0.00067824,0.0012672,0,0.0072,0.051189198,0.18,1.55,1.55,1.43,1,1,1,0.6
high,0.459617834,1,0.55,0.94,0.82,0.97,0.0012672,0.0072,0.00067824,0.0099,0.153567595,1.85,5.09,4.04,11.43,1,1,20.02564103,1
shape,,15.3664,,,,,38.86883951,7.824784089,3.8416,152.293882,15.3664,5.50984259,4.95401965,13.68702827,2.508042342,0,,3.836996763,
scale,,0.039046231,,,,,2.41E-05,5.41E-04,8.83E-05,5.58E-05,0.006662484,0.181493388,0.405731132,0.171695415,1.6108181,0,,2.477750171,
shape1,4.426195302,,9.310832,,1228.512,28.06204167,,,,,,,,,,,,,
shape2,11.85816841,,15.85357881,,307.128,4.952125,,,,,,,,,,,,,
