,fatal_OD_prob,fent_exp_prob,fent_OD_prob,NX_prob,witness_prob,NX_success_prob,BUP_OD_NI,MET_OD_NI,ABS_OD_NI,REL_OD_NI,BUP_OD_INJ,MET_OD_INJ,ABS_OD_INJ,REL_OD_INJ,BUP_OD_mult,MET_OD_mult,REL_OD_mult,ABS_OD_mult
pe,0.002,0.4,0.2,0.5,0.75,0.75,0.009088448,0.006,0.00009,0.02,0.010906138,0.0072,0.000108,0.024,45,45,91,10
low,0.0015,0.3,0.15,0.375,0.5625,0.5625,0.006816336,0.0045,0.0000675,0.015,0.008179603,0.0054,0.000081,0.018,44,44,90,9
high,0.0025,0.5,0.25,0.625,0.9375,0.9375,0.01136056,0.0075,0.0001125,0.025,0.013632672,0.009,0.000135,0.03,46,46,92,11
