,fent_exp_prob,ni_fent_reduction,fent_OD_rate,NX_prob,witness_prob,attended_prob,NX_success_prob,TX_OD,TXC_OD,ABS_OD,REL_OD,fatal_OD,TX_OD_mult,TXC_OD_mult,REL_OD_mult,ABS_OD_mult,INJ_OD_mult,fent_OD_mult
pe,0.62,0.271806463,0.6,0.5,0.85,0.8,0.85,0.000930088,0.004685044,0,0.00844,0.102378397,3.4,3.72,4.04,1,2.9,71.09004739
low,0.4,0.040136473,0.4,0.375,0.32,0.78,0.73,0.000681066,0.003955533,0,0.00723,0.051189198,1.2,1.315,1.43,1,1.22,55.32503458
high,0.9,0.459617834,1,0.625,0.94,0.82,0.97,0.00125696,0.00553848,0.000681066,0.00982,0.153567595,9.64,10.535,11.43,1,6.87,101.8329939
shape,,,15.3664,,,,,40.08068255,134.6067175,0,163.176457,15.3664,2.493704993,2.501475028,2.508042342,0,4.048286444,35.90336662
scale,,,0.039046231,,,,,2.32E-05,3.48E-05,0,5.17E-05,0.006662484,1.363433128,1.487122581,1.6108181,0,0.716352472,1.980038478
shape1,8.358403123,4.426195302,,30.2328,3.482293444,1228.512,28.06204167,,,,,,,,,,,
shape2,5.122892237,11.85816841,,30.2328,0.614522373,307.128,4.952125,,,,,,,,,,,
