,ni_fent_reduction,fent_OD_rate,NX_prob,witness_prob,attended_prob,NX_success_prob,TX_OD,TXC_OD,ABS_OD,REL_OD,fatal_OD,BUP_OD_mult,MET_OD_mult,TXC_OD_mult,REL_OD_mult,ABS_OD_mult,INJ_OD_mult,fent_OD_mult
pe,0.271806463,0.6,0.5,0.85,0.8,0.85,0.001006126,0.005068063,0,0.00913,0.102378397,1,2.01,3.72,4.04,1,1,50.5
low,0.040136473,0.4,0.375,0.32,0.78,0.73,0.000688037,0.003996018,0,0.007304,0.051189198,0.18,1.55,1.315,1.43,1,1,1
high,0.459617834,1,0.625,0.94,0.82,0.97,0.001402368,0.006179184,0.000688037,0.010956,0.153567595,1.85,5.09,10.535,11.43,1,1,100
shape,,15.3664,,,,,30.48439915,82.81,0,96.04,15.3664,5.50984259,4.95401965,2.501475028,2.508042342,0,,3.998384002
scale,,0.039046231,,,,,3.30E-05,6.12E-05,0,9.51E-05,0.006662484,0.181493388,0.405731132,1.487122581,1.6108181,0,,12.63010256
shape1,4.426195302,,30.2328,3.482293444,1228.512,28.06204167,,,,,,,,,,,,
shape2,11.85816841,,30.2328,0.614522373,307.128,4.952125,,,,,,,,,,,,
