,fatal_OD_rate,fent_exp_prob,ni_fent_reduction,fent_OD_rate,NX_prob,witness_prob,attended_prob,NX_success_prob,BUP_OD,BUPC_OD,MET_OD,METC_OD,ABS_OD,REL_OD,TX_OD_mult,TXC_OD_mult,REL_OD_mult,ABS_OD_mult,INJ_OD_mult
pe,0.102378397,0.62,0.25,0.6,0.5,0.75,0.8,0.75,0.000930088,0.004685044,0.000930088,0.004685044,0.000930088,0.00844,5,10,15,1,5
low,0.051189198,0.4,0.15,0.4,0.375,0.5625,0.78,0.5625,0.000681066,0.003955533,0.000681066,0.003955533,0,0.00723,1,1,5,1,1
high,0.153567595,0.9,0.35,1,0.625,0.9375,0.82,0.9375,0.00125696,0.00553848,0.00125696,0.00553848,0.00125696,0.00982,10,20,25,1,10
