,fatal_OD_rate,fent_exp_prob,ni_fent_reduction,fent_OD_rate,NX_prob,witness_prob,NX_success_prob,BUP_OD_NI,MET_OD_NI,ABS_OD_NI,REL_OD_NI,BUP_OD_INJ,MET_OD_INJ,ABS_OD_INJ,REL_OD_INJ,BUP_OD_mult,MET_OD_mult,REL_OD_mult,ABS_OD_mult
pe,0.0682,0.4,0.25,0.08,0.5,0.75,0.75,0.00913,0.00913,0.00913,0.00913,0.00913,0.00913,0.00913,0.00913,45,45,91,10
low,0.0582,0.3,0.15,0.04,0.375,0.5625,0.5625,0.0045,0.0045,0.0045,0.0045,0.0045,0.0045,0.0045,0.0045,44,44,90,9
high,0.0782,0.5,0.35,0.12,0.625,0.9375,0.9375,0.0135,0.0135,0.0135,0.0135,0.0135,0.0135,0.0135,0.0135,46,46,92,11
