,BUP_NI_NEG,BUPC_NI_NEG,MET_NI_NEG,METC_NI_NEG,REL_NI_NEG,ODN_NI_NEG,ODF_NI_NEG,ABS_NI_NEG,BUP_INJ_NEG,BUPC_INJ_NEG,MET_INJ_NEG,METC_INJ_NEG,REL_INJ_NEG,ODN_INJ_NEG,ODF_INJ_NEG,ABS_INJ_NEG,HIV_mult,HCV_mult,COI_mult
pe,0.8,0.8,0.8,0.8,0.6,0.4,0,1,0.75,0.75,0.75,0.75,0.55,0.35,0,0.9,0.8,0.8,0.75
sd,0.06122449,0.06122449,0.06122449,0.06122449,0.045918367,0.030612245,0,0.076530612,0.057397959,0.057397959,0.057397959,0.057397959,0.042091837,0.026785714,0,0.068877551,0.06122449,0.06122449,0.057397959
low,0.68,0.68,0.68,0.68,0.51,0.34,0,0.85,0.6375,0.6375,0.6375,0.6375,0.4675,0.2975,0,0.765,0.68,0.68,0.6375
high,0.92,0.92,0.92,0.92,0.69,0.46,0,1.15,0.8625,0.8625,0.8625,0.8625,0.6325,0.4025,0,1.035,0.92,0.92,0.8625
