,BUP_NI,MET_NI,REL_NI,OD_NI,ABS_NI,BUP_INJ,MET_INJ,REL_INJ,OD_INJ,ABS_INJ
pe,0.00007,0.00007,0.000926,0.000926,0.000018,0.000234,0.000234,0.00309,0.00309,0.000058
low,0.0000525,0.0000525,0.0006945,0.0006945,0.0000135,0.0001755,0.0001755,0.0023175,0.0023175,0.0000435
high,0.0000875,0.0000875,0.0011575,0.0011575,0.0000225,0.0002925,0.0002925,0.0038625,0.0038625,0.0000725
