,BUP_NI,MET_NI,REL_NI,ABS_NI,BUP_INJ,MET_INJ,REL_INJ,ABS_INJ
BUP_NI,0,0.33333,0.33333,0.33333,0,0,0,0
MET_NI,0.33333,0,0.33333,0.33333,0,0,0,0
REL_NI,0.33333,0.33333,0,0.33333,0,0,0,0
ABS_NI,0,0,1,0,0,0,0,0
BUP_INJ,0,0,0,0,0,0.33333,0.33333,0.33333
MET_INJ,0,0,0,0,0.33333,0,0.33333,0.33333
REL_INJ,0,0,0,0,0.33333,0.33333,0,0.33333
ABS_INJ,0,0,0,0,0,0,1,0
