"variable","mean","sd","q50","q025","q975","min","max"
"n_icer_HEALTH_SECTOR_10yr",23663.5359573549,1335417.41978394,56293.5281257254,-267882.0426221,454733.702575359,-33412859.1713012,8114803.66016964
"n_icer_HEALTH_SECTOR_6mo",122782.522503227,4425218.2982105,-105420.312476268,-2120933.35366382,2385019.38033269,-15685288.4722417,127666479.945546
"n_icer_HEALTH_SECTOR_life",42055.1176641847,223369.069292333,28890.2400436936,9859.45929727893,174210.43479095,-2875922.85657315,4602111.19158083
"n_icer_TOTAL_10yr",-446979.746867593,5019723.71248181,-340550.611324246,-2120529.96523948,720884.366517191,-120762813.048691,64222254.8418964
"n_icer_TOTAL_6mo",-225406.816952137,20439726.0483858,115161.416606787,-7167268.69366088,7748049.79825659,-575930025.640974,131708032.906609
"n_icer_TOTAL_life",-135838.238039045,554396.990763809,-125600.007415966,-542518.3639854,66174.7778116859,-5412784.5182791,13647161.8894592
