,p_weibull_shape_BUP,p_weibull_scale_BUP,p_fent_exp_2020
1,0.591423892,0.500390268,0.850116369
25,0.591423892,0.441112862,0.850116369
50,0.591423892,0.396022664,0.850116369
75,0.591423892,0.361514824,0.850116369
100,0.591423892,0.334062931,0.850116369
125,0.591423892,0.311584226,0.850116369
150,0.591423892,0.292761113,0.850116369
175,0.591423892,0.276715041,0.850116369
