,BUP_shape_1,MET_shape_1,REL_shape_1,ABS_shape_1,BUP_scale_1,MET_scale_1,REL_scale_1,ABS_scale_1,BUP_shape_2,MET_shape_2,REL_shape_2,ABS_shape_2,BUP_scale_2,MET_scale_2,REL_scale_2,ABS_scale_2,BUP_shape_3,MET_shape_3,REL_shape_3,ABS_shape_3,BUP_scale_3,MET_scale_3,REL_scale_3,ABS_scale_3
pe,0.591423892,0.529558252,0.565163194,0.603096406,0.503343678,0.355460888,0.512747597,0.274350497,0.640375519,0.554395285,0.581665559,0.638474565,0,0,0,0,0.663169006,0.552771058,0.639590046,0.594343167,0,0,0,0
sd,0.005022715,0.003931568,0.003306831,0.023793696,0.009007551,0.006331223,0.006433963,0.028818455,0.006465086,0.004599893,0.00369336,0.03058199,0,0,0,0,0.003154702,0.004599893,0.0015688,0.016721185,0,0,0,0
low,0.581661029,0.521908314,0.558718945,0.558219062,0.521062154,0.367945067,0.525391154,0.333354982,0.627828727,0.545452571,0.574471564,0.581262496,0,0,0,0,0.657014638,0.549216984,0.636522633,0.562457438,0,0,0,0
high,0.60135062,0.53732032,0.57168177,0.65158161,0.485752555,0.343126672,0.50017002,0.220386638,0.653173052,0.563484614,0.588949642,0.701317861,0,0,0,0,0.669381023,0.556348131,0.642672241,0.6280365,0,0,0,0
