"ICER (1-year)","ICER (5-year)","ICER (10-year)","ICER (Lifetime)","ICER (Health Sector 1-year)","ICER (Health Sector 5-year)","ICER (Health Sector 10-year)","ICER (Health Sector Lifetime)"
1116023.50773123,-331490.495400119,-123024.986847117,-44413.3511591449,6887.50880875399,22240.3055162617,12412.3103428883,9154.78799497148
-7454246.10942301,-801114.82385901,-359755.670713644,-168646.923058052,430445.713994731,67165.9570284309,35422.5635404924,20726.5711354746
7759942.70379176,-440413.871023778,-170887.670351194,-57963.2427698456,-929850.382451847,74177.5472029555,35176.752668195,19430.5819148814
6426522.63454177,-230150.687470528,-97317.61350994,-42772.608492227,-864116.87131987,45082.0339913644,22600.9446642436,13014.3865958016
4002498.46802097,-362661.916247666,-132773.20254445,-49828.8683582174,-513906.73230485,72612.5704905538,32912.9912589227,18355.4308110009
