"","n_TOTAL_costs_1yr","n_TOTAL_costs_5yr","n_TOTAL_costs_10yr","n_TOTAL_costs_life","n_HEALTH_SECTOR_costs_1yr","n_HEALTH_SECTOR_costs_5yr","n_HEALTH_SECTOR_costs_10yr","n_HEALTH_SECTOR_costs_life","n_CRIMINAL_costs_1yr","n_CRIMINAL_costs_5yr","n_CRIMINAL_costs_10yr","n_CRIMINAL_costs_life","n_TX_costs_1yr","n_TX_costs_5yr","n_TX_costs_10yr","n_TX_costs_life","n_HRU_costs_1yr","n_HRU_costs_5yr","n_HRU_costs_10yr","n_HRU_costs_life","n_TOTAL_qalys_1yr","n_TOTAL_qalys_5yr","n_TOTAL_qalys_10yr","n_TOTAL_qalys_life"
"Early take-home BNX",55776.5832943259,281242.431965129,500121.859949899,1015507.76941087,6578.48945194348,33219.7004181655,61326.68454312,146771.989121254,49198.0938423824,248022.731546963,438795.175406779,868735.78028962,3238.58181905489,17153.0336151135,31700.1791243138,65033.5256892596,3332.92894567665,16029.8349440435,29552.300790995,81507.575029807,0.675979724873769,2.99378379798124,5.23710227937277,10.3009778424893
"Methadone",48681.3705113508,261897.599290926,480611.235962704,1001379.49622812,8160.16881907196,35996.9065624464,64418.362380852,150035.507509075,40521.2016922788,225900.692728479,416192.873581852,851343.988719045,5307.52120588723,21103.7318799463,36104.5537486569,69964.310460106,2845.70176266406,14856.7656846016,28240.3513269798,79841.7008744954,0.674473469899342,3.01842218312808,5.29451025577488,10.4265971077261
