"","n_TOTAL_costs_6mo","n_TOTAL_costs_1yr","n_TOTAL_costs_5yr","n_TOTAL_costs_10yr","n_TOTAL_costs_life","n_HEALTH_SECTOR_costs_6mo","n_HEALTH_SECTOR_costs_1yr","n_HEALTH_SECTOR_costs_5yr","n_HEALTH_SECTOR_costs_10yr","n_HEALTH_SECTOR_costs_life","n_CRIMINAL_costs_6mo","n_CRIMINAL_costs_1yr","n_CRIMINAL_costs_5yr","n_CRIMINAL_costs_10yr","n_CRIMINAL_costs_life","n_TX_costs_6mo","n_TX_costs_1yr","n_TX_costs_5yr","n_TX_costs_10yr","n_TX_costs_life","n_HRU_costs_6mo","n_HRU_costs_1yr","n_HRU_costs_5yr","n_HRU_costs_10yr","n_HRU_costs_life","n_TOTAL_qalys_6mo","n_TOTAL_qalys_1yr","n_TOTAL_qalys_5yr","n_TOTAL_qalys_10yr","n_TOTAL_qalys_life"
"Early take-home BNX",12263.4536349866,25823.1785868372,127668.77772562,229264.765414124,479788.267900549,3038.39328819623,6046.03553769734,29455.6989927025,54675.8680035295,132758.408803791,9225.06034679033,19777.1430491399,98213.0787329178,174588.897410594,347029.859096757,1514.52016205713,2791.82242785712,13769.9180474962,26213.0867148544,56281.6049880038,1520.42167733214,3247.23427348683,15648.7327341856,28387.956945094,76247.1481151438,0.345681870320717,0.677675488016961,2.99506527340732,5.23899284415313,10.3501015102883
"Methadone",12619.6464060348,25965.2544870609,126620.969235123,228873.15234513,482139.629999384,4164.71850647954,7946.45140518814,33614.6462966653,59417.8852470045,137698.067022573,8454.92789955526,18018.8030818728,93006.3229384578,169455.267098125,344441.562976812,2876.27738627473,5194.62909816798,19237.0676252322,32402.0290104006,63073.3874665566,1284.99761450825,2744.88030914662,14341.0937613191,26942.083470359,74397.0326177982,0.343316270615281,0.67587094632806,3.02411064799429,5.30857222861808,10.5028531023678
