"","n_TOTAL_costs_6mo","n_TOTAL_costs_1yr","n_TOTAL_costs_5yr","n_TOTAL_costs_10yr","n_TOTAL_costs_life","n_HEALTH_SECTOR_costs_6mo","n_HEALTH_SECTOR_costs_1yr","n_HEALTH_SECTOR_costs_5yr","n_HEALTH_SECTOR_costs_10yr","n_HEALTH_SECTOR_costs_life","n_CRIMINAL_costs_6mo","n_CRIMINAL_costs_1yr","n_CRIMINAL_costs_5yr","n_CRIMINAL_costs_10yr","n_CRIMINAL_costs_life","n_TX_costs_6mo","n_TX_costs_1yr","n_TX_costs_5yr","n_TX_costs_10yr","n_TX_costs_life","n_HRU_costs_6mo","n_HRU_costs_1yr","n_HRU_costs_5yr","n_HRU_costs_10yr","n_HRU_costs_life","n_TOTAL_qalys_6mo","n_TOTAL_qalys_1yr","n_TOTAL_qalys_5yr","n_TOTAL_qalys_10yr","n_TOTAL_qalys_life"
"Early take-home BNX",12227.7841889205,25778.3893878343,127582.068287767,228930.981831249,478166.823934037,3006.95274445483,6017.32628785114,29794.0240857294,55650.5547637214,135553.52297442,9220.83144446569,19761.0630999832,97788.0442020375,173280.427067527,342613.300959617,1519.62027119023,2808.95079127956,14039.1099338652,26906.1364148175,57506.4483020421,1483.8811073679,3201.39720051287,15717.8909272093,28669.6932595936,77816.1988641051,0.345808014251928,0.677843629208676,2.99181844050156,5.22465288195631,10.2674633114588
"Methadone",12617.6517867619,25977.3086148614,126662.187472448,228667.360011754,480547.523105139,4158.70681016477,7951.48637404209,33903.1518922084,60257.9549849562,140354.174307626,8458.9449765971,18025.8222408193,92759.0355802399,168409.405026798,340193.348797513,2878.78523214574,5202.92525519287,19389.1711418683,32892.0704470703,64074.936037619,1276.47804044987,2741.61904754305,14477.5039912864,27292.169387797,76050.294315216,0.343306367510338,0.675753378085917,3.0195604455824,5.29172993867584,10.4147882498742
