"","n_TOTAL_costs_1yr","n_TOTAL_costs_5yr","n_TOTAL_costs_10yr","n_TOTAL_costs_life","n_HEALTH_SECTOR_costs_1yr","n_HEALTH_SECTOR_costs_5yr","n_HEALTH_SECTOR_costs_10yr","n_HEALTH_SECTOR_costs_life","n_CRIMINAL_costs_1yr","n_CRIMINAL_costs_5yr","n_CRIMINAL_costs_10yr","n_CRIMINAL_costs_life","n_TX_costs_1yr","n_TX_costs_5yr","n_TX_costs_10yr","n_TX_costs_life","n_HRU_costs_1yr","n_HRU_costs_5yr","n_HRU_costs_10yr","n_HRU_costs_life","n_TOTAL_qalys_1yr","n_TOTAL_qalys_5yr","n_TOTAL_qalys_10yr","n_TOTAL_qalys_life"
"Early take-home BNX",55865.6515917258,281361.097956487,499843.65746849,1013691.83506397,6688.10908353058,33846.8476474766,62384.6225511083,150403.094100152,49177.5425081952,247514.25030901,437459.034917382,863288.740963822,3239.6273445556,17144.0422046682,31634.1448304732,64667.2189255888,3441.40129602669,16665.5053373327,30675.4341926654,85498.1785080838,0.67474287783333,2.98505082910421,5.21632720321982,10.229461542896
"Methadone",48791.6371464917,262225.563760093,480613.99475626,999766.431454597,8246.13037349689,36547.0791657067,65397.0728962131,153572.855317625,40545.5067729948,225678.484594386,415216.921860047,846193.576136972,5305.19094997855,21068.691094438,36003.7796284961,69551.8590580949,2933.89164070704,15441.5052741328,29318.9839279679,83784.7199240713,0.673268971562393,3.00978050680052,5.27357587017841,10.3536450577618
