"","n_TOTAL_costs_6mo","n_TOTAL_costs_1yr","n_TOTAL_costs_5yr","n_TOTAL_costs_10yr","n_TOTAL_costs_life","n_HEALTH_SECTOR_costs_6mo","n_HEALTH_SECTOR_costs_1yr","n_HEALTH_SECTOR_costs_5yr","n_HEALTH_SECTOR_costs_10yr","n_HEALTH_SECTOR_costs_life","n_CRIMINAL_costs_6mo","n_CRIMINAL_costs_1yr","n_CRIMINAL_costs_5yr","n_CRIMINAL_costs_10yr","n_CRIMINAL_costs_life","n_TX_costs_6mo","n_TX_costs_1yr","n_TX_costs_5yr","n_TX_costs_10yr","n_TX_costs_life","n_HRU_costs_6mo","n_HRU_costs_1yr","n_HRU_costs_5yr","n_HRU_costs_10yr","n_HRU_costs_life","n_TOTAL_qalys_6mo","n_TOTAL_qalys_1yr","n_TOTAL_qalys_5yr","n_TOTAL_qalys_10yr","n_TOTAL_qalys_life"
"Early take-home BNX",12403.0260169256,26231.8373487826,129970.604457713,233321.691399649,488970.384898867,3173.75927049147,6449.90582330315,32077.234506072,59638.535603799,144075.393872028,9229.26674643411,19781.9315254794,97893.3699516411,173683.15579585,344894.991026839,1516.60847697862,2804.89889353473,14155.1942762137,27192.9389809846,58298.7800841923,1653.69931701058,3638.02811941455,17885.0138729689,32370.858937143,85545.8723226932,0.345407583997774,0.676802350329239,2.98722909645909,5.22111297968377,10.297316862701
"Methadone",12751.1723692181,26312.031008972,128822.642777921,232880.295795378,491156.81660482,4276.78565256827,8243.28511113454,35757.5597372877,63783.0462972216,148418.113031263,8474.3867166498,18068.7458978375,93065.0830406333,169097.249498156,342738.703573557,2871.26120384375,5187.90177395516,19425.8606673719,33059.0636374676,64720.6743552998,1402.08070568403,3048.44025313902,16295.19965932,30650.2009104844,83468.4840732492,0.34299244654594,0.67498016794215,3.01567440337018,5.28801631806016,10.4416879407015
