"","n_TOTAL_costs_6mo","n_TOTAL_costs_1yr","n_TOTAL_costs_5yr","n_TOTAL_costs_10yr","n_TOTAL_costs_life","n_HEALTH_SECTOR_costs_6mo","n_HEALTH_SECTOR_costs_1yr","n_HEALTH_SECTOR_costs_5yr","n_HEALTH_SECTOR_costs_10yr","n_HEALTH_SECTOR_costs_life","n_CRIMINAL_costs_6mo","n_CRIMINAL_costs_1yr","n_CRIMINAL_costs_5yr","n_CRIMINAL_costs_10yr","n_CRIMINAL_costs_life","n_TX_costs_6mo","n_TX_costs_1yr","n_TX_costs_5yr","n_TX_costs_10yr","n_TX_costs_life","n_HRU_costs_6mo","n_HRU_costs_1yr","n_HRU_costs_5yr","n_HRU_costs_10yr","n_HRU_costs_life","n_TOTAL_qalys_6mo","n_TOTAL_qalys_1yr","n_TOTAL_qalys_5yr","n_TOTAL_qalys_10yr","n_TOTAL_qalys_life"
"Early take-home BNX",22952.1295754665,40278.101071344,NA,NA,40278.101071344,2414.438675587,3833.18928209564,NA,NA,3833.18928209564,20537.6908998794,36444.9117892484,NA,NA,36444.9117892484,947.650263266601,1270.01019307342,NA,NA,1270.01019307342,1463.48166132535,2557.27929850498,NA,NA,2557.27929850498,0.282739233889806,0.438036665765147,NA,NA,0.438036665765147
"Methadone",23588.0398423338,46541.7874165448,NA,NA,46541.7874165448,3632.98348889771,6298.85888584968,NA,NA,6298.85888584968,19955.0563534361,40242.9285306951,NA,NA,40242.9285306951,2379.4899351493,3989.345809614,NA,NA,3989.345809614,1250.17447669306,2303.49044569783,NA,NA,2303.49044569783,0.320704397117574,0.557237619070036,NA,NA,0.557237619070036
