"","Total Costs (1-year)","Total Costs (5-year)","Total Costs (10-year)","Total Costs (Lifetime)","Health Sector Costs (1-year)","Health Sector Costs (5-year)","Health Sector Costs (10-year)","Health Sector Costs (Lifetime)","Criminal Costs (1-year)","Criminal Costs (5-year)","Criminal Costs (10-year)","Criminal Costs (Lifetime)","Treatment Costs (1-year)","Treatment Costs (5-year)","Treatment Costs (10-year)","Treatment Costs (Lifetime)","Total QALYs (1-year)","Total QALYs (5-year)","Total QALYs (10-year)","Total QALYs (Lifetime)"
"Early take-home BNX",35467.7405952277,151353.737725529,264692.806739031,544837.29211862,2824.37134876003,13192.6625527623,25821.7224996212,90870.7987564002,32643.3692464677,138161.075172767,238871.08423941,453966.493362219,1449.8319669382,5695.35338184562,9771.87538988942,18563.2605829096,0.673576676465675,2.95813176236487,5.08759506786702,9.55624370027367
"Methadone",17210.3406411783,80074.2872933421,142488.353620781,312247.189828118,4164.42097428131,18429.3187955584,34779.8904267814,107914.708474601,13045.919666897,61644.9684977837,107708.463194,204332.481353517,2844.07624213655,11115.6362080163,19010.6493368548,35765.6024786261,0.676347944106593,2.96573879209996,5.09421860846642,9.51410074383612
