"","Total Costs (1-year)","Total Costs (5-year)","Total Costs (10-year)","Total Costs (Lifetime)","Health Sector Costs (1-year)","Health Sector Costs (5-year)","Health Sector Costs (10-year)","Health Sector Costs (Lifetime)","Criminal Costs (1-year)","Criminal Costs (5-year)","Criminal Costs (10-year)","Criminal Costs (Lifetime)","Treatment Costs (1-year)","Treatment Costs (5-year)","Treatment Costs (10-year)","Treatment Costs (Lifetime)","Total QALYs (1-year)","Total QALYs (5-year)","Total QALYs (10-year)","Total QALYs (Lifetime)"
"Early take-home BNX",33649.5002629608,124032.953479182,210453.420924738,430029.139596233,1606.88956144114,8493.08750065746,17670.5480517692,73833.6130895446,32042.6107015197,115539.865978525,192782.872872969,356195.526506689,6.48646401736954,25.5787704995423,48.7646750258638,158.495339626683,0.665661516375758,2.89267285384711,4.95410554042428,9.04823256388608
"Methadone",15803.7383330215,96865.8593572115,182519.808438487,402752.573334171,1418.87741181425,8050.2305314497,17044.8546257707,72580.575307495,14384.8609212072,88815.6288257619,165474.953812716,330171.998026676,7.37779757810036,28.6567436098716,52.0654315375665,161.040564134481,0.657779765228577,2.90175920977767,4.98871930444649,9.13112341715187
