"","n_TOTAL_costs_6mo","n_TOTAL_costs_1yr","n_TOTAL_costs_5yr","n_TOTAL_costs_10yr","n_TOTAL_costs_life","n_HEALTH_SECTOR_costs_6mo","n_HEALTH_SECTOR_costs_1yr","n_HEALTH_SECTOR_costs_5yr","n_HEALTH_SECTOR_costs_10yr","n_HEALTH_SECTOR_costs_life","n_CRIMINAL_costs_6mo","n_CRIMINAL_costs_1yr","n_CRIMINAL_costs_5yr","n_CRIMINAL_costs_10yr","n_CRIMINAL_costs_life","n_TX_costs_6mo","n_TX_costs_1yr","n_TX_costs_5yr","n_TX_costs_10yr","n_TX_costs_life","n_HRU_costs_6mo","n_HRU_costs_1yr","n_HRU_costs_5yr","n_HRU_costs_10yr","n_HRU_costs_life","n_TOTAL_qalys_6mo","n_TOTAL_qalys_1yr","n_TOTAL_qalys_5yr","n_TOTAL_qalys_10yr","n_TOTAL_qalys_life"
"Early take-home BNX",12221.5456630775,25758.9876706739,127549.323659357,229073.080657879,479503.475502666,3001.48359790295,5998.77807994875,29690.5079801403,55507.9363551809,135230.963731603,9220.0620651745,19760.2095907251,97858.815679217,173565.144302698,344272.511771063,1519.58267313066,2808.95474197772,14063.650591737,27002.2830445731,57947.6740206694,1478.44956817065,3182.84507220634,15589.8317374558,28430.9107229559,77052.8966274698,0.345839686144182,0.677990774341192,2.99510592395453,5.23539984042536,10.3193765752567
"Methadone",12604.0363439196,25945.9297515201,126583.674706741,228752.904524245,481881.180385677,4148.7815699992,7929.36309263393,33813.1225188958,60137.0103475889,140055.261538942,8455.25477392036,18016.5666588862,92770.5521878454,168615.894176656,341825.918846734,2880.65055624336,5208.78025116267,19454.4045302601,33047.3430363642,64596.5696210844,1264.68752685381,2713.64102090285,14322.2456095985,27015.951768116,75230.2721637369,0.343366480085889,0.675952860928363,3.02322660792556,5.3035108029587,10.4699071054185
