,BUP_TX,MET_TX,OD_TX,BUP_NI_HRU,BUPC_NI_HRU,MET_NI_HRU,METC_NI_HRU,REL_NI_HRU,ODN_NI_HRU,ODF_NI_HRU,ABS_NI_HRU,BUP_INJ_HRU,BUPC_INJ_HRU,MET_INJ_HRU,METC_INJ_HRU,REL_INJ_HRU,ODN_INJ_HRU,ODF_INJ_HRU,ABS_INJ_HRU,HIV_HRU,HIV_ART,HCV_HRU,HCV_DAA,OD_NX,OD_AMB
pe,322.818,579.2475,7316.718429,153,102,138,121,98,98,98,64,153,102,138,121,98,98,98,64,558.6666667,1576,891.6190324,15770.55556,125,518.25
sd,10,20,746.6039213,28.29081633,17.06632653,25.20408163,14.41326531,16.68367347,16.68367347,16.68367347,13.08673469,28.29081633,17.06632653,25.20408163,14.41326531,16.68367347,16.68367347,16.68367347,13.08673469,100,100,150,4075.255102,5,50
shape,1042.114611,838.8191656,96.04,29.24771239,35.72072312,29.97894999,70.47676792,34.50394785,34.50394785,34.50394785,23.916485,29.24771239,35.72072312,29.97894999,70.47676792,34.50394785,34.50394785,34.50394785,23.916485,31.21084445,248.3776,35.3326444,14.97560532,625,107.433225
scale,0.30977207,0.690551103,76.1840736,5.231178356,2.855485306,4.603229934,1.716877825,2.840254698,2.840254698,2.840254698,2.675978515,5.231178356,2.855485306,4.603229934,1.716877825,2.840254698,2.840254698,2.840254698,2.675978515,17.89976134,6.345177665,25.23499295,1053.083012,0.2,4.823926676
