,BUP,BUPC,MET,METC,REL,ABS
pe,1404.2292,4462.403,1404.2292,4462.403,8456.7296,1107.4822
sd,460.4891837,1178.932296,460.4891837,1178.932296,2758.078827,642.7423469
shape,9.299018936,14.32715132,9.299018936,14.32715132,9.401378557,2.968928106
scale,151.0083171,311.4647777,151.0083171,311.4647777,899.520166,373.0242568
