,BUP,BUPC,MET,METC,REL,ODN,ODF,ABS,HIV_mult,HCV_mult,COI_mult
pe,0.768623403,0.771650411,0.76173988,0.729009144,0.750860875,0.750860875,0,0.710881741,0.78,0.72,0.71
sd,0.016031931,0.021895137,0.016862035,0.014288129,0.016627967,0.016627967,0,0.023541496,0.16,0.16,0.16
low,0.737200818,0.728735942,0.728690292,0.701004411,0.71827006,0.71827006,0,0.664740409,0.4664,0.4064,0.3964
high,0.800045989,0.814564881,0.794789468,0.757013876,0.783451689,0.783451689,0,0.757023072,1,1,1
