"variable","mean","sd","q50","q025","q975","min","max"
"n_icer_HEALTH_SECTOR_10yr",127375.436032417,5235485.27080458,65145.6072755373,-352284.297200644,531184.444953133,-108967761.553511,491808866.145117
"n_icer_HEALTH_SECTOR_6mo",-255044.947315127,18983926.093217,-109643.315279177,-2432257.15410125,2625799.72502043,-1363092721.15256,190569713.200363
"n_icer_HEALTH_SECTOR_life",47348.2162493288,1137532.13507078,33305.0051878772,11413.3339859713,142293.751012155,-43396223.4031404,100053900.532682
"n_icer_TOTAL_10yr",102697.819397533,10184960.5583113,-34574.8518450215,-1119610.79650538,1165619.19318994,-265445610.154312,817088436.387022
"n_icer_TOTAL_6mo",1107789.66376958,109216865.076034,-6525.69500414375,-7531292.89940451,7645281.91342123,-1094190937.89651,9714069799.68166
"n_icer_TOTAL_life",34031.9224668549,2460448.79325625,-289.291037776516,-263351.816601763,408406.217436179,-44554186.2404576,224135148.906752
