"variable","mean","sd","q50","q025","q975","min","max"
"n_icer_HEALTH_SECTOR_10yr",11482.7936212451,2089941.36626574,56095.997278086,-281290.291404009,446637.641960546,-68840951.7229651,8429615.83376788
"n_icer_HEALTH_SECTOR_6mo",8088620.48698756,359413669.43905,-105669.802525601,-2341613.89484272,2449205.3560498,-164783230.391422,16070814888.0469
"n_icer_HEALTH_SECTOR_life",28676.7669872268,162910.502091773,28352.8576912131,10110.9521687526,121295.384296961,-6060500.52084004,757587.275148182
"n_icer_TOTAL_10yr",-292282.898215104,6368982.2414324,-346613.881796538,-2003158.67602967,670019.645912551,-55429480.082949,253484066.527763
"n_icer_TOTAL_6mo",10280953.8635471,466798582.187208,143295.403549362,-8676943.28566584,8575363.63011624,-651377504.244547,20841500945.5061
"n_icer_TOTAL_life",-126063.967012769,414599.723144827,-121556.274867528,-512251.872768298,93140.7128259089,-1642133.79286063,13897404.0672396
