"mean","sd","q50","q025","q975","min","max"
20252.5110218356,11936285.0378988,32617.0820238125,-1981516.37636221,1850763.28925587,-364926962.766667,1534080915.45507
