"mean","sd","q50","q025","q975","min","max"
-806.680487670979,8073.65585596556,-0.184503529187765,-17089.2800374495,18476.8957378419,-99840.9393456446,59154.9404572362
