"mean","sd","q50","q025","q975","min","max"
90980.453133368,135019.383389956,27243.3625236955,0.342870275498192,489058.575894105,0.300110920553738,785240.721990854
