"mean","sd","q50","q025","q975","min","max"
91787.133621039,134926.911588139,30437.6798172664,0.340406969495726,489907.148715487,0.296238564126535,865062.535663069
