"variable","mean","sd","q50","q025","q975","min","max"
"n_icer_HEALTH_SECTOR_10yr",93345.1714591995,10422302.1094707,70345.6618715608,-337201.635623294,606670.663483428,-356174623.93381,926537396.599222
"n_icer_HEALTH_SECTOR_6mo",580838.517041293,53600352.4916119,-112923.876246511,-2393994.4316938,2634014.5184289,-1019558310.3199,4657442669.78335
"n_icer_HEALTH_SECTOR_life",42842.30622365,319874.699570064,34977.3859023721,13767.3706457381,148944.988174947,-17125479.7360742,17655557.2361133
"n_icer_TOTAL_10yr",-293163.627746331,55473393.16059,-34782.2145091074,-1106610.32725232,1232398.0965415,-5093183182.18279,2019794344.82752
"n_icer_TOTAL_6mo",2683369.6146846,162169359.768092,-7542.55990414539,-7740625.44514278,7582362.99848942,-3343965803.88843,10464590626.2277
"n_icer_TOTAL_life",16168.9681249617,745118.708783121,127.755815093533,-263587.237636481,404666.575108311,-35542466.7343806,29283673.1019708
