"mean","sd","q50","q025","q975","min","max"
91230.03925955,135444.045018018,27273.6104904153,0.34273510089785,490760.274914882,0.296945599843574,798237.257637963
