"mean","sd","q50","q025","q975","min","max"
520566.824964562,73441349.0071915,33555.2223404716,-1946456.00532515,1947487.74068474,-5093183182.18279,10464590626.2277
