,BUP,BUPC,MET,METC,REL,ABS
pe,4326,0,45,0,2369,630
sd,3759.795918,0,29.51530612,0,469.1836735,648.0612245
shape,,,,,,
scale,,,,,,
