"mean","sd","q50","q025","q975","min","max"
92049.7861712341,135409.595824599,30351.4589613253,0.340092296322548,492923.287538498,0.291705945376044,847890.469181905
